"","StartDate","EndDate","Status","IPAddress","Progress","Duration..in.seconds.","Finished","RecordedDate","ResponseId","RecipientLastName","RecipientFirstName","RecipientEmail","ExternalReference","LocationLatitude","LocationLongitude","DistributionChannel","UserLanguage","Q1","Q2","Q3","Q4_1","Q5_1","Q6_1","Q7_1","Q8_1","Q9_1","Q10_1","Q11_1","Q12_1","Q13_1","Q14","Q15","Q16","Q17","group"
"1","Start Date","End Date","Response Type","IP Address","Progress","Duration (in seconds)","Finished","Recorded Date","Response ID","Recipient Last Name","Recipient First Name","Recipient Email","External Data Reference","Location Latitude","Location Longitude","Distribution Channel","User Language","Instructions: Your participation is voluntary and your responses are completely confidential. 
For purposes of this study, we are defining the term “disability” as a physical or mental impairment that substantially limits one or more major life activities.  “Access and Functional Needs” refers to a """"restriction or limited ability to perform activities normally considered routine"""" and that may require assistance before, during, and /or after a disaster or an emergency. This may include, but is not limited to:

People with disabilities,
People who live in institutionalized settings,
Elderly,
Children,
People from diverse cultures,
People with limited English proficiency/non-English speakers,
People who are transportation-disadvantaged.","Check all that apply. I Identify as:","In what state do you currently reside?","Please indicate to what extent you agree or disagree with the following statement, pertaining to your jurisdiction. - Local emergency management effectively meets the needs of people with disabilities.","Please indicate to what extent you agree or disagree with the following statement, pertaining to your jurisdiction. - Emergency warning notifications are accessible to people who are differently-abled (which may include: blindness, deafness, mobility impairment, and cognitive and mental impairments).","Please indicate to what extent you agree or disagree with the following statement, pertaining to your jurisdiction. - Accessible transportation vehicles are available for evacuation of people with disabilities.","Please indicate to what extent you agree or disagree with the following statement, pertaining to your jurisdiction. - Shelters and mass care centers accommodate the needs of people with disabilities and other Access and Functional needs (e.g., wheelchair accessibility, emergency generator for  powered equipment, refrigeration for medications, oxygen availability, service animal needs, etc.).","Please indicate to what extent you agree or disagree with the following statement, pertaining to your jurisdiction. - People with disabilities and Access and Functional needs typically rely on members of their support team (e.g., family, friends, neighbors, care givers, etc.) for help if needed during an emergency.","Please indicate to what extent you agree or disagree with the following statement, pertaining to your jurisdiction. - There is ample federal guidance and other authoritative documents available to help ensure that preparedness and response plans are inclusive.","Please indicate to what extent you agree or disagree with the following statement, pertaining to your jurisdiction. - Emergency management disaster drills and exercises actively involve people with disabilities and other Access and Functional needs.","Please indicate to what extent you agree or disagree with the following statement, pertaining to your jurisdiction. - Emergency management works with the local ADA Coordinator on emergency planning for people with disabilities.","Please indicate to what extent you agree or disagree with the following statement, pertaining to your jurisdiction. - Emergency management works with the local disabilities advocacy groups on emergency planning for people with disabilities.","Please indicate to what extent you agree or disagree with the following statement, pertaining to your jurisdiction. - Emergency managers are clear about their role and responsibilities with respect to people with disabilities and other Access and Functional needs.","What age group are you in:","What gender do you identify with:","Please describe which race you most closely identify with:","Do you identify as being Hispanic:",NA
"2","{""""ImportId"""":""""startDate"""",""""timeZone"""":""""America/Denver""""}","{""""ImportId"""":""""endDate"""",""""timeZone"""":""""America/Denver""""}","{""""ImportId"""":""""status""""}","{""""ImportId"""":""""ipAddress""""}","{""""ImportId"""":""""progress""""}","{""""ImportId"""":""""duration""""}","{""""ImportId"""":""""finished""""}","{""""ImportId"""":""""recordedDate"""",""""timeZone"""":""""America/Denver""""}","{""""ImportId"""":""""_recordId""""}","{""""ImportId"""":""""recipientLastName""""}","{""""ImportId"""":""""recipientFirstName""""}","{""""ImportId"""":""""recipientEmail""""}","{""""ImportId"""":""""externalDataReference""""}","{""""ImportId"""":""""locationLatitude""""}","{""""ImportId"""":""""locationLongitude""""}","{""""ImportId"""":""""distributionChannel""""}","{""""ImportId"""":""""userLanguage""""}","{""""ImportId"""":""""QID5""""}","{""""ImportId"""":""""QID1""""}","{""""ImportId"""":""""QID2""""}","{""""ImportId"""":""""QID23_1""""}","{""""ImportId"""":""""QID6_1""""}","{""""ImportId"""":""""QID8_1""""}","{""""ImportId"""":""""QID9_1""""}","{""""ImportId"""":""""QID11_1""""}","{""""ImportId"""":""""QID12_1""""}","{""""ImportId"""":""""QID14_1""""}","{""""ImportId"""":""""QID15_1""""}","{""""ImportId"""":""""QID16_1""""}","{""""ImportId"""":""""QID27_1""""}","{""""ImportId"""":""""QID17""""}","{""""ImportId"""":""""QID18""""}","{""""ImportId"""":""""QID19""""}","{""""ImportId"""":""""QID20""""}",NA
"3","2022-03-23 07:32:39","2022-03-23 07:33:33","1","","100","53","1","2022-03-23 07:33:33","R_2cjy81CNkgLEmbT","","","","","30.0778045654296875","31.2852020263671875","preview","EN","","","","","","","","","","","","","","","","","",NA
"4","2022-04-12 13:05:02","2022-04-12 13:25:57","1","","100","1255","1","2022-04-12 13:25:58","R_2zumGvMJrODOEUY","","","","","40.7808990478515625","-73.95020294189453125","preview","EN","","","","","","","","","","","","","","","","","",NA
"5","2022-04-18 02:54:35","2022-04-18 02:55:10","1","","100","34","1","2022-04-18 02:55:11","R_2Qok2Eg8TshCqPU","","","","","40.4605","-74.3039","preview","EN","","","","","","","","","","","","","","","","","",NA
"6","2022-04-19 14:09:00","2022-04-19 14:09:12","1","","100","12","1","2022-04-19 14:09:13","R_2CjONO2g1ju5JxY","","","","","40.4605","-74.3039","preview","EN","","","","","","","","","","","","","","","","","",NA
"7","2022-04-28 08:02:42","2022-04-28 08:06:26","0","147.219.157.166","100","224","1","2022-04-28 08:06:27","R_1pQX236lorNKsVk","","","","","43.9806","-91.2489","anonymous","EN","1","3,5","50","3","4","5","5","4","3","4","4","4","4","2","2","5","2","group1 & group2"
"8","2022-04-28 08:10:15","2022-04-28 08:14:33","0","107.198.182.99","100","257","1","2022-04-28 08:14:34","R_1MNi0nUneVwbxdP","","","","","33.3792","-86.6969","anonymous","EN","1","3","1","3","2","3","3","4","2","2","3","3","2","4","2","5","2","group1"
"9","2022-04-28 08:18:46","2022-04-28 08:21:02","0","136.242.8.31","100","135","1","2022-04-28 08:21:02","R_3qfA7zCbNLU5QA8","","","","","38.94","-77.0001","anonymous","EN","1","5","9","2","1","1","2","5","3","1","2","2","3","2","1","1","2","group2"
"10","2022-04-28 08:24:10","2022-04-28 08:26:56","0","192.188.230.2","100","166","1","2022-04-28 08:26:56","R_3lEVYW2CbVchShr","","","","","42.9732","-78.8475","anonymous","EN","1","4,5","33","4","4","4","4","2","4","4","4","4","4","2","1","5","2","group2"
"11","2022-04-28 08:18:44","2022-04-28 08:32:37","0","137.216.120.24","100","833","1","2022-04-28 08:32:38","R_AjJNQeaU8Kmkucx","","","","","44.3047","-96.7871","anonymous","EN","1","5","42","4","4","4","2","2","3","3","4","3","2","2","1","5","2","group2"
"12","2022-04-28 08:44:57","2022-04-28 08:49:59","0","68.177.195.2","100","302","1","2022-04-28 08:50:00","R_bNiy7KRGtHppFtL","","","","","35.1559","-111.6825","anonymous","EN","1","3,5,7","3","2","2","2","4","4","2","2","2","2","4","1","1","5","2","group1 & group2"
"13","2022-04-28 08:55:50","2022-04-28 08:57:55","0","149.43.61.131","100","124","1","2022-04-28 08:57:55","R_1ineQVnPWmcjwPH","","","","","43.0821","-75.6474","anonymous","EN","1","5","33","2","2","2","4","4","2","2","3","4","2","2","1","5","2","group2"
"14","2022-04-28 08:39:45","2022-04-28 09:10:58","0","216.165.95.154","100","1872","1","2022-04-28 09:10:58","R_1ePpLAYeXCrASIr","","","","","40.7359","-73.9904","anonymous","EN","1","1,3,5","31","3","4","1","4","5","1","2","4","5","3","1","2","5","2","group1 & group2"
"15","2022-04-28 09:15:08","2022-04-28 09:18:14","0","73.14.42.182","100","185","1","2022-04-28 09:18:14","R_1OpKCupPS81TdOM","","","","","40.5447","-105.1069","anonymous","EN","1","5","6","2","2","2","2","4","2","2","2","2","2","3","2","5","1","group2"
"16","2022-04-28 09:19:09","2022-04-28 09:26:03","0","108.20.185.15","100","413","1","2022-04-28 09:26:03","R_25Eky2YMsP1BG6Q","","","","","42.2878","-71.3587","anonymous","EN","1","1,5","22","3","4","4","3","5","3","2","2","2","3","2","2","5","2","group1 & group2"
"17","2022-04-28 09:44:36","2022-04-28 09:46:39","0","130.212.94.193","100","123","1","2022-04-28 09:46:39","R_3HTt8tfi9YaGIAm","","","","","37.7506","-122.4121","anonymous","EN","1","5","5","2","5","2","3","4","4","2","2","2","4","1","2","5","2","group2"
"18","2022-04-28 09:38:39","2022-04-28 09:51:21","0","72.233.213.247","100","762","1","2022-04-28 09:51:22","R_24IXAyYuDZgO5ca","","","","","47.0046","-120.5068","anonymous","EN","1","1,5","48","3","4","2","3","4","4","3","4","4","4","3","1","6","1","group1 & group2"
"19","2022-04-28 09:35:55","2022-04-28 09:51:28","0","168.156.105.125","100","932","1","2022-04-28 09:51:28","R_2CqDJRr8q9OeEBy","","","","","47.5357","-122.3503","anonymous","EN","1","5","48","4","5","3","4","3","3","5","4","4","4","2","5","7","3","group2"
"20","2022-04-28 09:56:33","2022-04-28 10:01:19","0","130.18.149.162","100","286","1","2022-04-28 10:01:20","R_2ONpjDHHY28vvTp","","","","","33.4474","-88.8205","anonymous","EN","1","5","25","3","4","3","4","4","5","3","4","4","3","3","2","6","2","group2"
"21","2022-04-28 10:01:01","2022-04-28 10:02:55","0","66.158.60.250","100","114","1","2022-04-28 10:02:55","R_u9vTkkJ7oCtepcl","","","","","42.0364","-88.324","anonymous","EN","1","1,2,3,5","14","4","2","3","3","5","1","5","5","5","5","1","1","5","2","group1 & group2"
"22","2022-04-28 10:01:08","2022-04-28 10:03:50","0","137.229.131.142","100","161","1","2022-04-28 10:03:50","R_1ohAm8jAS6vvQ3a","","","","","61.2049","-149.8096","anonymous","EN","1","5","2","4","4","4","4","4","4","2","4","4","4","3","1","5","2","group2"
"23","2022-04-28 10:16:42","2022-04-28 10:19:24","0","151.197.219.96","100","161","1","2022-04-28 10:19:25","R_2zeiRsmSjbwhEvw","","","","","39.9526","-75.2937","anonymous","EN","1","1,2,5","39","3","3","2","2","5","1","1","1","3","2","3","1","5","2","group1 & group2"
"24","2022-04-28 10:03:28","2022-04-28 10:22:26","0","172.118.67.179","100","1138","1","2022-04-28 10:22:27","R_1jCYNKSSQQb3unW","","","","","34.2278","-118.442","anonymous","EN","1","3,5","5","4","3","1","4","5","4","2","2","2","2","1","1","7","1","group1 & group2"
"25","2022-04-28 11:11:57","2022-04-28 11:14:30","0","192.102.5.64","100","153","1","2022-04-28 11:14:30","R_1f0HbZeJzUYH9gA","","","","","45.6514","-122.6604","anonymous","EN","1","5","48","4","2","2","3","5","2","2","2","2","4","3","1","5","2","group2"
"26","2022-04-28 11:16:01","2022-04-28 11:18:51","0","137.99.22.191","100","169","1","2022-04-28 11:18:51","R_1NDrPSXrFTGkJ5U","","","","","41.8663","-72.3744","anonymous","EN","1","5","7","5","5","5","5","5","4","4","4","4","5","3","2","5","2","group2"
"27","2022-04-28 11:20:48","2022-04-28 11:36:59","0","50.232.36.218","100","971","1","2022-04-28 11:37:00","R_1K1kyXewYpv0jxx","","","","","33.8983","-84.5893","anonymous","EN","1","5","11","2","3","3","4","4","3","3","2","2","3","2","2","5","2","group2"
"28","2022-04-28 11:35:03","2022-04-28 11:37:56","0","192.65.213.200","100","173","1","2022-04-28 11:37:56","R_2B96vpiQ7ChuMPX","","","","","41.8451","-71.4388","anonymous","EN","1","1,5","40","4","4","4","3","4","3","3","4","4","3","2","1","5","2","group1 & group2"
"29","2022-04-28 11:45:14","2022-04-28 11:47:28","0","199.89.180.254","100","133","1","2022-04-28 11:47:28","R_2xVqrcZYvM9f2Lq","","","","","38.9894","-76.5494","anonymous","EN","1","3","21","4","3","5","4","5","3","4","3","4","4","3","1","5","2","group1"
"30","2022-04-28 11:48:45","2022-04-28 11:50:35","0","71.59.174.156","100","110","1","2022-04-28 11:50:36","R_bPDIaQ3HwoFBedX","","","","","46.1478","-122.9711","anonymous","EN","1","5","38","2","2","2","4","4","2","2","2","2","2","2","1","5","2","group2"
"31","2022-04-28 11:55:14","2022-04-28 11:56:48","0","216.54.20.98","100","94","1","2022-04-28 11:56:49","R_2xWC3CM0WAaJPPU","","","","","36.8797","-76.2644","anonymous","EN","1","3,5","47","4","4","4","4","4","4","4","4","4","4","3","1","1","2","group1 & group2"
"32","2022-04-28 12:15:07","2022-04-28 12:17:01","0","149.162.255.32","100","114","1","2022-04-28 12:17:02","R_OydsGVSTiZuzfgZ","","","","","39.786","-86.1589","anonymous","EN","","5","15","4","4","2","2","5","2","2","3","3","4","3","2","5","2","group2"
"33","2022-04-28 12:55:59","2022-04-28 12:58:07","0","104.28.57.65","100","128","1","2022-04-28 12:58:07","R_d0RL9QFQ7CweTcJ","","","","","42.3562","-71.0631","anonymous","EN","1","1,5","22","2","2","4","","4","3","2","","","","2","1","5","2","group1 & group2"
"34","2022-04-28 13:09:30","2022-04-28 13:11:38","0","130.218.12.58","100","127","1","2022-04-28 13:11:39","R_2fldybzJMqv63Yz","","","","","34.0344","-84.6002","anonymous","EN","1","1,3,5","11","4","5","4","4","4","2","2","4","4","4","3","1","5","2","group1 & group2"
"35","2022-04-28 13:03:26","2022-04-28 13:20:27","0","216.81.94.68","100","1020","1","2022-04-28 13:20:27","R_2OVUTd67KYMyQgI","","","","","37.751","-97.822","anonymous","EN","1","5","47","3","4","3","4","4","3","3","4","4","4","1","1","5","2","group2"
"36","2022-04-28 13:40:04","2022-04-28 13:42:53","0","47.188.113.34","100","168","1","2022-04-28 13:42:54","R_1ginsScsy3v6Rqz","","","","","33.1452","-97.0699","anonymous","EN","1","3","44","1","2","2","2","5","1","1","1","1","1","2","2","2","2","group1"
"37","2022-04-28 13:54:08","2022-04-28 13:58:32","0","174.242.70.165","100","263","1","2022-04-28 13:58:33","R_zTL4GrZlB5JTqIV","","","","","42.366","-71.2271","anonymous","EN","1","1,2","22","4","4","3","3","5","5","5","4","5","4","3","1","5","2","group1"
"38","2022-04-28 14:03:23","2022-04-28 14:04:35","0","99.44.99.6","100","71","1","2022-04-28 14:04:36","R_2z8VCnUTXMOWFTo","","","","","32.7889","-96.8021","anonymous","EN","1","3,5","44","1","2","2","1","1","2","1","1","2","1","1","1","5","2","group1 & group2"
"39","2022-04-28 14:20:51","2022-04-28 14:25:11","0","174.195.131.220","100","260","1","2022-04-28 14:25:11","R_RsQlIliZHphsOyJ","","","","","34.0062","-117.4432","anonymous","EN","1","1,2,3,5","5","3","3","4","4","4","2","2","2","2","2","3","2","5","2","group1 & group2"
"40","2022-04-28 15:33:46","2022-04-28 15:35:33","0","136.144.35.252","100","106","1","2022-04-28 15:35:34","R_1CJyPdEoPSr6tPL","","","","","40.7359","-73.9904","anonymous","EN","1","1,2,3","39","2","1","1","1","5","1","1","1","1","1","1","3","5","2","group1"
"41","2022-04-28 15:54:41","2022-04-28 15:58:07","0","73.109.136.222","100","206","1","2022-04-28 15:58:08","R_3KxtEXdcRzEscoL","","","","","47.5079","-122.1773","anonymous","EN","1","1,3","48","3","2","2","3","3","4","2","4","5","3","3","1","5","2","group1"
"42","2022-04-28 17:27:46","2022-04-28 17:31:26","0","173.66.137.170","100","219","1","2022-04-28 17:31:26","R_1N1ZOQNOzc4Lj40","","","","","38.8341","-76.7974","anonymous","EN","1","5","21","3","3","3","4","4","3","2","2","3","3","2","2","1","2","group2"
"43","2022-04-28 17:40:26","2022-04-28 17:43:25","0","128.208.190.239","100","179","1","2022-04-28 17:43:26","R_1CKCgPoVyPmov8k","","","","","47.5079","-122.1773","anonymous","EN","","5","48","3","2","2","1","5","2","2","3","3","2","3","1","5","2","group2"
"44","2022-04-28 19:41:40","2022-04-28 19:44:03","0","99.35.194.54","100","143","1","2022-04-28 19:44:03","R_33g4uwmDwjZyAfp","","","","","35.4884","-97.5706","anonymous","EN","1","5","37","3","2","4","4","4","4","2","4","3","3","2","1","5","2","group2"
"45","2022-04-28 20:22:58","2022-04-28 20:26:41","0","71.190.109.177","100","223","1","2022-04-28 20:26:41","R_VWQ3ZkSssHriemR","","","","","40.7157","-74","anonymous","EN","1","1,3,5","33","3","2","2","4","5","1","5","5","3","4","3","2","5","2","group1 & group2"
"46","2022-04-29 02:16:13","2022-04-29 02:19:11","0","1.125.26.96","100","177","1","2022-04-29 02:19:11","R_31t5qfU1JKTecpT","","","","","-34.9274","138.6005","anonymous","EN","1","1","","4","5","3","5","5","4","2","5","5","4","2","2","5","2","group1"
"47","2022-04-29 07:17:29","2022-04-29 07:21:59","0","99.57.203.27","100","269","1","2022-04-29 07:21:59","R_1IQWTGEPsjWyxN8","","","","","35.9243","-83.9965","anonymous","EN","1","5","43","3","4","4","4","4","4","2","5","2","4","3","1","5","2","group2"
"48","2022-04-29 08:00:22","2022-04-29 08:03:08","0","130.160.7.129","100","165","1","2022-04-29 08:03:09","R_269Gl7w3etq473a","","","","","33.1669","-87.5064","anonymous","EN","1","5","1","4","5","4","5","4","2","3","4","4","4","3","1","5","2","group2"
"49","2022-04-29 08:49:52","2022-04-29 08:52:44","0","75.51.148.198","100","171","1","2022-04-29 08:52:45","R_2qdYAa5hNh4VDoY","","","","","37.2566","-121.8889","anonymous","EN","1","1,2,3","5","1","1","1","2","3","4","1","1","2","3","3","2","5","2","group1"
"50","2022-04-29 09:03:33","2022-04-29 09:21:42","0","163.116.146.117","100","1088","1","2022-04-29 09:21:43","R_3qweXuUzHNvMcQK","","","","","39.0469","-77.4903","anonymous","EN","1","2,5","39","3","2","4","4","4","4","1","2","2","4","2","1","5","2","group1 & group2"
"51","2022-04-29 09:54:18","2022-04-29 09:56:15","0","164.51.190.249","100","117","1","2022-04-29 09:56:16","R_22ss7TkgZHg980F","","","","","30.4274","-84.258","anonymous","EN","1","5","10","4","3","5","5","4","4","3","5","5","5","3","1","5","2","group2"
"52","2022-04-29 11:58:32","2022-04-29 12:05:55","0","216.54.11.50","100","442","1","2022-04-29 12:05:55","R_1mfoXxBc5oW29CA","","","","","36.8504","-76.2886","anonymous","EN","1","5","47","4","4","4","5","3","5","4","4","4","4","2","1","5","2","group2"
"53","2022-04-29 12:50:09","2022-04-29 12:51:43","0","50.5.73.225","100","93","1","2022-04-29 12:51:44","R_3DqOuhOkcqn1Bas","","","","","39.1091","-84.6082","anonymous","EN","1","1,3,5","36","4","4","2","4","4","4","2","2","4","4","5","5","7","3","group1 & group2"
"54","2022-04-29 14:00:13","2022-04-29 14:04:10","0","163.116.139.117","100","236","1","2022-04-29 14:04:11","R_2xzwlMg3AuhG8EJ","","","","","33.4475","-112.0866","anonymous","EN","1","3,5","3","3","4","4","4","4","4","4","4","4","4","2","2","1","2","group1 & group2"
"55","2022-04-29 14:00:22","2022-04-29 14:14:51","0","98.164.59.195","100","869","1","2022-04-29 14:14:52","R_2usvXI8ujqoPXMm","","","","","37.4149","-76.5441","anonymous","EN","1","5","47","2","4","4","5","5","3","2","4","4","4","5","5","7","3","group2"
"56","2022-04-29 14:16:05","2022-04-29 14:18:13","0","18.235.177.190","100","127","1","2022-04-29 14:18:13","R_3m7zymYReXvHbow","","","","","38.894","-77.0365","anonymous","EN","1","5","47","4","4","3","4","4","4","3","4","4","5","4","1","5","2","group2"
"57","2022-04-29 15:03:27","2022-04-29 15:08:09","0","96.253.76.34","100","282","1","2022-04-29 15:08:09","R_27pycg9r45oL131","","","","","37.5423","-77.3369","anonymous","EN","1","4,5","47","2","2","3","3","3","5","2","1","1","2","5","2","5","2","group2"
"58","2022-04-29 18:00:49","2022-04-29 18:03:07","0","108.238.95.218","100","137","1","2022-04-29 18:03:07","R_1mJnOAHKLRfgP5l","","","","","39.4154","-119.7745","anonymous","EN","1","5","29","4","4","4","3","4","4","2","3","4","4","3","1","5","2","group2"
"59","2022-05-01 08:40:37","2022-05-01 08:42:14","0","162.222.247.200","100","97","1","2022-05-01 08:42:15","R_3oRAFnmtgmaYJom","","","","","29.5708","-98.1483","anonymous","EN","1","3,5","44","2","2","2","2","4","4","1","2","2","2","1","2","5","2","group1 & group2"
"60","2022-05-01 12:44:17","2022-05-01 12:55:08","0","68.100.200.121","100","650","1","2022-05-01 12:55:08","R_32K0VYQ69fxkOr1","","","","","38.7741","-77.2385","anonymous","EN","1","5","47","3","4","4","4","5","2","2","4","4","4","3","1","5","2","group2"
"61","2022-05-02 05:41:56","2022-05-02 05:43:36","0","216.54.23.130","100","100","1","2022-05-02 05:43:37","R_25yVoTA0b8NOP1z","","","","","37.0737","-76.4988","anonymous","EN","1","1,5","47","4","4","4","4","4","3","3","3","3","3","2","1","5","2","group1 & group2"
"62","2022-05-02 05:46:25","2022-05-02 05:51:19","0","50.238.113.62","100","294","1","2022-05-02 05:51:20","R_3oFwOAko901ibtN","","","","","38.1551","-79.0608","anonymous","EN","1","5","47","2","2","4","3","4","3","3","3","4","4","2","1","7","2","group2"
"63","2022-05-02 06:08:47","2022-05-02 06:53:23","0","66.171.80.22","100","2676","1","2022-05-02 06:53:24","R_23Zw7jCKs0zynWe","","","","","36.6184","-82.1831","anonymous","EN","1","5","43","4","4","4","4","4","4","4","3","4","3","2","2","5","2","group2"
"64","2022-05-02 07:00:19","2022-05-02 07:04:30","0","152.130.7.64","100","251","1","2022-05-02 07:04:30","R_2e9UFxNPYQoHnBR","","","","","37.045","-76.4067","anonymous","EN","1","1,5","47","4","4","4","4","5","","4","4","4","5","3","2","5","2","group1 & group2"
"65","2022-05-02 07:22:31","2022-05-02 07:26:54","0","166.67.255.241","100","263","1","2022-05-02 07:26:54","R_uk16nRkY09cyCm5","","","","","37.4612","-77.395","anonymous","EN","1","1,2,5","47","2","2","1","4","5","4","2","2","3","3","4","1","5","2","group1 & group2"
"66","2022-05-02 08:21:23","2022-05-02 08:23:33","0","128.173.136.81","100","129","1","2022-05-02 08:23:34","R_2caYT7myjEHu87L","","","","","37.2532","-80.4347","anonymous","EN","1","7","47","3","5","4","3","4","4","3","3","3","5","3","1","5","1","droped group"
"67","2022-05-02 08:32:11","2022-05-02 08:35:42","0","161.69.123.10","100","211","1","2022-05-02 08:35:43","R_2uD7aT4BhZ3a7nq","","","","","37.751","-97.822","anonymous","EN","1","5","47","4","4","2","4","5","4","4","4","2","3","2","1","5","2","group2"
"68","2022-05-02 11:24:49","2022-05-02 11:29:01","0","163.116.133.119","100","251","1","2022-05-02 11:29:01","R_1QmaHhPrmAK6qg5","","","","","41.8874","-87.6318","anonymous","EN","1","1,5","47","2","2","2","4","4","3","2","3","4","2","2","1","5","2","group1 & group2"
"69","2022-05-02 12:05:33","2022-05-02 12:09:26","0","75.148.125.205","100","233","1","2022-05-02 12:09:27","R_1C1H2ivI4yHNmDu","","","","","39.7435","-105.0619","anonymous","EN","1","1,2,3,5","6","2","2","4","2","5","2","4","4","4","2","3","1","5","2","group1 & group2"
"70","2022-05-03 07:49:58","2022-05-03 07:52:32","0","65.126.78.126","100","153","1","2022-05-03 07:52:32","R_3JaUvBWlU5HWxtY","","","","","31.033","-97.676","anonymous","EN","1","5","44","2","4","1","2","5","1","2","2","2","4","1","1","6","1","group2"
"71","2022-05-03 08:06:20","2022-05-03 08:10:02","0","198.252.245.244","100","221","1","2022-05-03 08:10:02","R_2TO6ze9IGml6Wa7","","","","","36.8282","-76.0237","anonymous","EN","1","5","47","2","2","4","4","5","4","2","3","3","4","3","1","5","2","group2"
"72","2022-05-03 07:58:45","2022-05-03 08:30:11","0","65.126.78.126","100","1885","1","2022-05-03 08:30:12","R_QmmqELdMz0Oz8U9","","","","","31.033","-97.676","anonymous","EN","1","1,5","44","2","3","3","4","4","3","3","2","3","4","2","1","5","2","group1 & group2"
"73","2022-05-03 08:30:06","2022-05-03 08:33:15","0","161.69.123.10","100","188","1","2022-05-03 08:33:16","R_8ogiVcOTlqcHhhT","","","","","37.751","-97.822","anonymous","EN","1","1,5","47","3","1","1","3","4","4","1","1","2","2","2","1","5","2","group1 & group2"
"74","2022-05-03 08:37:03","2022-05-03 08:44:46","0","198.97.37.121","100","462","1","2022-05-03 08:44:47","R_1Fb4oo5QBZzd0CY","","","","","31.033","-97.676","anonymous","EN","1","5","44","4","5","4","5","5","4","3","4","4","5","1","2","5","1","group2"
"75","2022-05-03 09:01:34","2022-05-03 09:05:37","0","72.176.3.234","100","243","1","2022-05-03 09:05:38","R_22Y6E2TKFHuceAt","","","","","31.0065","-97.8406","anonymous","EN","1","1,5","44","2","2","3","2","5","4","1","1","1","2","2","2","5","2","group1 & group2"
"76","2022-05-03 10:54:54","2022-05-03 10:58:04","0","128.122.176.186","100","189","1","2022-05-03 10:58:05","R_33vx48tQbMQ4ek1","","","","","40.7503","-74.0014","anonymous","EN","1","1,3,7","33","3","4","4","3","4","2","1","3","3","2","1","4","5","2","group1"
"77","2022-05-03 13:39:39","2022-05-03 13:43:07","0","66.31.106.84","100","207","1","2022-05-03 13:43:07","R_1pKjRpGhjNaEoVP","","","","","42.2336","-71.3784","anonymous","EN","1","1,3,5","22","2","2","2","2","4","2","2","3","3","2","4","2","5","2","group1 & group2"
"78","2022-05-03 14:13:46","2022-05-03 14:14:25","0","164.82.30.21","100","39","1","2022-05-03 14:14:26","R_3jW32NZLeIMFHos","","","","","38.8892","-76.9417","anonymous","EN","1","5","","","3","","","","","","","","","","","","","group2"
"79","2022-05-03 16:18:41","2022-05-03 16:22:00","0","35.146.71.128","100","198","1","2022-05-03 16:22:00","R_4VeS4NamYvjRPxf","","","","","31.1993","-97.9304","anonymous","EN","1","5","44","3","4","3","4","4","4","3","2","3","3","4","1","5","2","group2"
"80","2022-05-03 16:29:48","2022-05-03 16:40:09","0","72.176.172.109","100","620","1","2022-05-03 16:40:10","R_1gbfbdPmUjy7PNy","","","","","31.0065","-97.8406","anonymous","EN","1","1,3,5","44","3","2","2","3","4","4","2","2","2","4","3","1","6","2","group1 & group2"
"81","2022-05-04 06:09:14","2022-05-04 06:11:32","0","216.12.58.186","100","137","1","2022-05-04 06:11:32","R_A0Nt1iJlx6yqMqB","","","","","36.6434","-76.242","anonymous","EN","1","5","47","2","3","3","3","4","2","2","2","2","4","2","2","5","2","group2"
"82","2022-05-04 06:48:36","2022-05-04 06:52:23","0","199.244.105.2","100","227","1","2022-05-04 06:52:23","R_uxCKEhNzFzoFI53","","","","","37.7886","-79.4548","anonymous","EN","1","5","47","3","5","4","3","4","4","4","3","4","5","3","1","5","2","group2"
"83","2022-05-04 07:22:25","2022-05-04 07:26:05","0","73.223.95.240","100","220","1","2022-05-04 07:26:06","R_swbf844Kii2JpO9","","","","","37.8135","-121.9658","anonymous","EN","1","3,5","5","2","2","1","2","5","2","2","3","4","2","4","2","5","1","group1 & group2"
"84","2022-05-04 08:55:34","2022-05-04 08:58:59","0","69.2.182.182","100","204","1","2022-05-04 08:58:59","R_3k7guDGih7b4Kev","","","","","38.7742","-76.0759","anonymous","EN","1","5","21","2","2","4","5","4","4","1","2","2","4","2","2","5","1","group2"
"85","2022-05-04 10:05:04","2022-05-04 10:07:12","0","136.226.50.248","100","128","1","2022-05-04 10:07:13","R_28AEX44VfhJDNKU","","","","","38.9609","-77.3429","anonymous","EN","1","3,5","39","1","3","1","2","4","2","2","3","3","2","1","2","5","2","group1 & group2"
"86","2022-05-04 10:16:09","2022-05-04 10:19:05","0","71.196.164.44","100","176","1","2022-05-04 10:19:05","R_24vLKzz0b3RxJnA","","","","","39.6667","-105.0854","anonymous","EN","1","3,4,5","6","2","2","2","3","4","2","3","3","2","4","1","2","5","2","group1 & group2"
"87","2022-05-04 14:02:28","2022-05-04 14:05:57","0","73.247.20.240","100","208","1","2022-05-04 14:05:57","R_1jMUuC1XoemS44u","","","","","41.5335","-87.8931","anonymous","EN","1","5","14","4","5","5","4","5","5","3","4","4","4","3","1","5","2","group2"
"88","2022-05-04 20:59:50","2022-05-04 21:02:45","0","98.33.78.30","100","175","1","2022-05-04 21:02:45","R_2Vyc3pS5pJIExKJ","","","","","37.5549","-122.2708","anonymous","EN","1","1,2,3,5","5","5","5","4","4","4","3","4","5","5","5","4","2","5","2","group1 & group2"
"89","2022-05-04 23:04:25","2022-05-04 23:07:23","0","75.51.148.198","100","177","1","2022-05-04 23:07:23","R_VXeA8cGB5N67pm1","","","","","37.2566","-121.8889","anonymous","EN","1","1,2,3","5","1","1","1","1","3","4","1","1","2","3","3","2","5","2","group1"
"90","2022-05-05 04:27:04","2022-05-05 04:32:30","0","172.58.230.226","100","326","1","2022-05-05 04:32:31","R_1DTN72o7sJigg9Z","","","","","40.7252","-73.944","anonymous","EN","1","5","31","2","2","2","4","4","2","2","4","2","4","3","1","5","2","group2"
"91","2022-05-05 05:35:30","2022-05-05 05:38:06","0","75.68.126.248","100","156","1","2022-05-05 05:38:06","R_22VodgqxmVFYaum","","","","","42.8674","-71.3793","anonymous","EN","1","2,5","30","2","4","3","2","4","4","2","2","2","3","1","2","5","2","group1 & group2"
"92","2022-05-05 05:38:31","2022-05-05 05:40:53","0","104.5.34.29","100","142","1","2022-05-05 05:40:54","R_3knMZD0VZfsDpvL","","","","","33.7408","-84.2632","anonymous","EN","1","5","11","2","4","4","3","5","4","5","4","3","4","1","1","5","2","group2"
"93","2022-05-05 05:51:03","2022-05-05 05:53:23","0","174.216.178.206","100","140","1","2022-05-05 05:53:24","R_3O9BwaSBn1ZnVVf","","","","","38.7741","-77.2385","anonymous","EN","1","5","21","3","2","2","4","4","2","2","3","3","4","2","1","5","2","group2"
"94","2022-05-05 06:23:18","2022-05-05 06:26:00","0","50.200.246.129","100","162","1","2022-05-05 06:26:01","R_1nYNsu8TCi88z2H","","","","","42.2532","-84.3877","anonymous","EN","1","5","23","3","4","3","2","5","4","2","3","4","4","2","2","5","2","group2"
"95","2022-05-05 07:48:19","2022-05-05 07:51:02","0","50.232.36.218","100","163","1","2022-05-05 07:51:03","R_3I0iwJt0iJvaF9H","","","","","33.8983","-84.5893","anonymous","EN","1","5","11","3","2","3","3","3","4","2","2","2","4","5","5","7","3","group2"
"96","2022-05-05 07:57:45","2022-05-05 08:01:44","0","170.63.67.132","100","239","1","2022-05-05 08:01:45","R_3pi2zZc6JaaIZB1","","","","","42.2904","-71.0712","anonymous","EN","1","5","","3","2","2","4","5","4","2","2","2","4","3","1","5","2","group2"
"97","2022-05-05 08:02:58","2022-05-05 08:07:29","0","69.54.63.67","100","270","1","2022-05-05 08:07:29","R_10PmqCOOkSrtbrX","","","","","41.7295","-80.7493","anonymous","EN","1","3,5","36","2","2","4","4","5","4","4","4","4","4","3","1","5","2","group1 & group2"
"98","2022-04-28 08:17:29","2022-04-28 08:17:47","0","68.21.172.249","18","17","0","2022-05-05 08:17:50","R_yNET1JurdlL8jCN","","","","","","","anonymous","EN","1","3","5","","","","","","","","","","","","","","","group1"
"99","2022-04-28 08:21:04","2022-04-28 08:22:05","0","159.230.49.200","18","61","0","2022-05-05 08:22:12","R_1ewmGDY66XHJATi","","","","","","","anonymous","EN","1","5","47","","","","","","","","","","","","","","","group2"
"100","2022-04-28 08:35:15","2022-04-28 08:36:24","0","216.165.95.175","18","69","0","2022-05-05 08:36:29","R_sHXzb3FpY79PC5r","","","","","","","anonymous","EN","1","6","33","","","","","","","","","","","","","","","droped group"
"101","2022-05-05 08:37:07","2022-05-05 08:38:46","0","66.102.16.149","100","98","1","2022-05-05 08:38:46","R_29u00y1udafYHsY","","","","","29.5718","-95.1305","anonymous","EN","1","5","44","2","4","2","4","5","1","4","1","2","2","2","1","2","2","group2"
"102","2022-04-28 09:10:03","2022-04-28 09:10:47","0","204.195.112.121","18","43","0","2022-05-05 09:10:50","R_1FswvXXfEnx3pvV","","","","","","","anonymous","EN","1","5","38","","","","","","","","","","","","","","","group2"
"103","2022-04-28 09:15:38","2022-04-28 09:16:41","0","136.160.248.139","6","63","0","2022-05-05 09:16:44","R_3Ge7wY6ZxxcpQ2u","","","","","","","anonymous","EN","","","","","","","","","","","","","","","","","",NA
"104","2022-04-28 08:20:08","2022-04-28 09:21:41","0","164.58.66.34","6","3692","0","2022-05-05 09:21:49","R_29tBpwLyMDSg1Dg","","","","","","","anonymous","EN","1","","","","","","","","","","","","","","","","",NA
"105","2022-04-28 08:57:40","2022-04-28 09:23:42","0","73.12.214.13","18","1562","0","2022-05-05 09:23:46","R_25tIjlYxz4DPKg3","","","","","","","anonymous","EN","1","5","","","","","","","","","","","","","","","","group2"
"106","2022-04-28 08:19:29","2022-04-28 08:22:01","0","141.161.160.151","18","151","0","2022-05-05 09:33:06","R_3nvnJPLDplctv7S","","","","","","","anonymous","EN","1","3,5","47","","","","","","","","","","","","","","","group1 & group2"
"107","2022-04-28 08:24:15","2022-04-28 08:25:30","0","130.184.252.76","18","74","0","2022-05-05 09:33:42","R_sumt6GbgrNCEnGV","","","","","","","anonymous","EN","1","5","4","","","","","","","","","","","","","","","group2"
"108","2022-04-28 08:35:30","2022-04-28 08:35:53","0","128.252.11.235","18","22","0","2022-05-05 09:36:14","R_2e9UAMUGilwvu2S","","","","","","","anonymous","EN","1","5","26","","","","","","","","","","","","","","","group2"
"109","2022-04-28 09:37:39","2022-04-28 09:38:16","0","38.77.193.84","18","37","0","2022-05-05 09:38:22","R_1hWOq53VFApqlxj","","","","","","","anonymous","EN","1","3,5","","","","","","","","","","","","","","","","group1 & group2"
"110","2022-04-28 09:13:09","2022-04-28 09:18:15","0","173.224.88.10","18","306","0","2022-05-05 09:45:44","R_tYb2X8UogOwQ8WR","","","","","","","anonymous","EN","1","5","44","","","","","","","","","","","","","","","group2"
"111","2022-04-28 10:03:16","2022-04-28 10:03:37","0","69.178.105.225","18","20","0","2022-05-05 10:03:39","R_2aqWSygRCDoVCHU","","","","","","","anonymous","EN","1","5","","","","","","","","","","","","","","","","group2"
"112","2022-04-28 10:39:15","2022-04-28 10:40:02","0","168.223.139.118","18","46","0","2022-05-05 10:40:06","R_upRcH8tLU249IDD","","","","","","","anonymous","EN","1","6","10","","","","","","","","","","","","","","","droped group"
"113","2022-05-05 10:52:54","2022-05-05 10:57:15","0","70.168.109.190","100","260","1","2022-05-05 10:57:16","R_1qWeYlxEB41CWRE","","","","","38.3","-77.4739","anonymous","EN","1","5","47","4","2","4","4","4","2","1","2","2","4","2","1","5","2","group2"
"114","2022-04-28 11:27:45","2022-04-28 11:28:12","0","128.230.41.28","18","27","0","2022-05-05 11:28:17","R_Av1DunswP2TzJsJ","","","","","","","anonymous","EN","1","5","33","","","","","","","","","","","","","","","group2"
"115","2022-04-28 11:27:44","2022-04-28 11:28:15","0","143.43.15.111","6","31","0","2022-05-05 11:28:20","R_2xPpf5ACLSnj38S","","","","","","","anonymous","EN","1","","","","","","","","","","","","","","","","",NA
"116","2022-05-05 11:29:17","2022-05-05 11:31:25","0","72.55.26.125","100","127","1","2022-05-05 11:31:25","R_2EhIi7txG0kg9jN","","","","","25.992","-80.2702","anonymous","EN","1","5","10","3","2","4","4","4","4","1","1","1","4","3","1","2","2","group2"
"117","2022-05-05 11:12:10","2022-05-05 11:41:10","0","71.225.67.13","100","1740","1","2022-05-05 11:41:11","R_3qCZnmfW9JsLTTB","","","","","39.934","-75.16","anonymous","EN","1","3,5","39","2","2","2","3","5","3","1","2","3","2","2","4","5","2","group1 & group2"
"118","2022-04-28 08:52:30","2022-04-28 11:45:03","0","216.165.95.145","18","10353","0","2022-05-05 11:45:08","R_2S31jQJjMo3xsiG","","","","","","","anonymous","EN","1","","","","","","","","","","","","","","","","",NA
"119","2022-04-28 11:43:25","2022-04-28 11:53:50","0","104.186.109.75","18","624","0","2022-05-05 11:53:53","R_3mjxd99Aqq67mG5","","","","","","","anonymous","EN","1","3,5","44","","","","","","","","","","","","","","","group1 & group2"
"120","2022-05-05 11:53:17","2022-05-05 11:55:48","0","204.14.69.131","100","151","1","2022-05-05 11:55:49","R_3hAaNtR8ufTdkHb","","","","","42.0508","-72.5672","anonymous","EN","1","5","22","2","4","1","2","4","1","1","2","2","2","3","1","5","2","group2"
"121","2022-04-28 11:58:59","2022-04-28 11:59:15","0","96.47.133.194","6","15","0","2022-05-05 11:59:21","R_0uISydZnl5dLK5r","","","","","","","anonymous","EN","1","","","","","","","","","","","","","","","","",NA
"122","2022-04-28 08:46:59","2022-04-28 12:14:39","0","128.119.99.160","18","12459","0","2022-05-05 12:18:40","R_3khvGllXWrnK4Jp","","","","","","","anonymous","EN","1","5","22","","","","","","","","","","","","","","","group2"
"123","2022-04-28 12:33:01","2022-04-28 12:34:20","0","131.238.123.32","18","78","0","2022-05-05 12:41:16","R_3haKOX2MdEvRb9E","","","","","","","anonymous","EN","1","5","36","","","","","","","","","","","","","","","group2"
"124","2022-05-05 12:50:01","2022-05-05 12:52:18","0","174.206.98.126","100","137","1","2022-05-05 12:52:18","R_xxfzrUNl6mkysj7","","","","","37.528","-77.4374","anonymous","EN","1","3,5","6","2","4","3","4","5","4","2","4","4","4","4","1","5","2","group1 & group2"
"125","2022-05-05 12:53:39","2022-05-05 12:56:42","0","209.77.204.154","100","183","1","2022-05-05 12:56:43","R_32SjOKjWuFxt9Mg","","","","","38.4782","-122.7475","anonymous","EN","1","5","5","2","1","1","3","4","4","2","4","4","3","3","1","5","2","group2"
"126","2022-04-28 12:55:49","2022-04-28 12:56:24","0","172.113.241.191","18","34","0","2022-05-05 13:02:05","R_2UWN2Vr7DKWw5jj","","","","","","","anonymous","EN","1","5","5","","","","","","","","","","","","","","","group2"
"127","2022-04-28 14:08:46","2022-04-28 14:08:59","0","68.54.109.52","6","12","0","2022-05-05 14:16:35","R_XLmcvTV0NNLO001","","","","","","","anonymous","EN","1","","","","","","","","","","","","","","","","",NA
"128","2022-04-28 14:09:08","2022-04-28 14:09:42","0","68.54.109.52","18","34","0","2022-05-05 14:23:08","R_2zJghZRfodGBF4m","","","","","","","anonymous","EN","1","1,5","50","","","","","","","","","","","","","","","group1 & group2"
"129","2022-04-28 15:17:16","2022-04-28 15:20:37","0","72.133.99.216","18","201","0","2022-05-05 15:34:45","R_3oEHzoefPIF15sE","","","","","","","anonymous","EN","1","3,5","44","","","","","","","","","","","","","","","group1 & group2"
"130","2022-05-05 16:05:14","2022-05-05 16:08:18","0","74.120.152.138","100","184","1","2022-05-05 16:08:19","R_2Qs27TvhYiyBEps","","","","","45.4804","-122.5891","anonymous","EN","1","3,5","38","2","4","2","2","5","3","1","3","4","5","3","1","5","2","group1 & group2"
"131","2022-04-28 16:57:08","2022-04-28 16:57:15","0","68.132.67.20","6","7","0","2022-05-05 16:57:19","R_2ZIfTFwUbDIQak2","","","","","","","anonymous","EN","1","","","","","","","","","","","","","","","","",NA
"132","2022-04-28 17:03:42","2022-04-28 17:08:02","0","73.102.150.246","18","259","0","2022-05-05 17:08:03","R_1giP7xZQ5wNTnTT","","","","","","","anonymous","EN","1","3,5","15","","","","","","","","","","","","","","","group1 & group2"
"133","2022-05-05 22:50:07","2022-05-05 22:54:33","0","71.198.118.249","100","266","1","2022-05-05 22:54:34","R_8pSokL6W6Ypq4zT","","","","","37.9577","-122.0757","anonymous","EN","1","1,2","5","2","2","3","2","5","3","2","3","3","3","2","3","5","2","group1"
"134","2022-04-29 04:10:55","2022-04-29 04:11:21","0","68.10.223.204","18","25","0","2022-05-06 04:11:28","R_3MmnaPz5fzad2A9","","","","","","","anonymous","EN","1","1,5","47","","","","","","","","","","","","","","","group1 & group2"
"135","2022-05-06 05:47:42","2022-05-06 05:49:31","0","76.116.115.150","100","109","1","2022-05-06 05:49:32","R_2Vrou0Pj2P2SiEY","","","","","40.6368","-74.3727","anonymous","EN","1","5","22","4","4","4","3","3","3","2","4","4","2","2","2","5","2","group2"
"136","2022-04-29 06:27:17","2022-04-29 06:28:00","0","166.94.34.225","18","42","0","2022-05-06 06:28:10","R_1JPGBeR1upLq2Pr","","","","","","","anonymous","EN","1","5","47","","","","","","","","","","","","","","","group2"
"137","2022-04-29 06:31:21","2022-04-29 06:32:33","0","216.165.95.86","18","71","0","2022-05-06 06:32:37","R_cDeErmj8KqNX6Rr","","","","","","","anonymous","EN","1","1,2","33","","","","","","","","","","","","","","","group1"
"138","2022-05-06 12:23:23","2022-05-06 12:36:35","0","161.185.150.244","100","792","1","2022-05-06 12:36:36","R_3COeoOQybst7pRW","","","","","40.694","-73.9901","anonymous","EN","1","5","33","4","3","4","4","3","2","2","4","4","4","2","2","5","2","group2"
"139","2022-04-29 13:34:00","2022-04-29 13:34:17","0","98.118.30.248","18","17","0","2022-05-06 13:34:23","R_25u2kbQPATIYSj7","","","","","","","anonymous","EN","1","1","22","","","","","","","","","","","","","","","group1"
"140","2022-04-30 06:24:49","2022-04-30 06:25:19","0","71.179.50.209","18","30","0","2022-05-07 06:25:22","R_3fJYVTi9cLayqMJ","","","","","","","anonymous","EN","1","1,3,5","21","","","","","","","","","","","","","","","group1 & group2"
"141","2022-05-07 15:21:02","2022-05-07 15:27:34","0","150.182.166.64","100","391","1","2022-05-07 15:27:34","R_3dFlu5rMgjo4KEu","","","","","35.0489","-85.2968","anonymous","EN","1","5","43","2","2","4","4","5","5","3","4","3","5","2","1","5","2","group2"
"142","2022-04-28 09:39:55","2022-05-01 14:40:28","0","75.216.200.198","18","277232","0","2022-05-08 14:40:32","R_ub7nB1yHomSwxR7","","","","","","","anonymous","EN","1","1,2","33","","","","","","","","","","","","","","","group1"
"143","2022-05-01 18:53:55","2022-05-01 18:57:36","0","166.67.255.242","18","220","0","2022-05-08 18:57:37","R_1EXUZL3GgVXxMkA","","","","","","","anonymous","EN","1","3","47","","","","","","","","","","","","","","","group1"
"144","2022-05-08 20:05:49","2022-05-08 20:12:42","0","98.49.91.242","100","413","1","2022-05-08 20:12:42","R_1daB79EnO608XRD","","","","","40.0043","-76.8601","anonymous","EN","1","1,3,5","39","2","2","4","4","3","4","1","2","2","5","4","2","5","2","group1 & group2"
"145","2022-05-01 20:32:56","2022-05-01 20:33:14","0","98.204.185.129","18","17","0","2022-05-08 20:33:16","R_2BsVWw0bDZ9iZw0","","","","","","","anonymous","EN","1","1,5","21","","","","","","","","","","","","","","","group1 & group2"
"146","2022-05-02 06:49:31","2022-05-02 06:49:42","0","174.242.65.126","6","10","0","2022-05-09 06:49:44","R_22Eozwhd2QBPCdc","","","","","","","anonymous","EN","","","","","","","","","","","","","","","","","",NA
"147","2022-05-02 07:49:20","2022-05-02 07:51:19","0","161.69.123.10","18","119","0","2022-05-09 07:51:26","R_2Cpk2LuplOMitnJ","","","","","","","anonymous","EN","1","5","47","","","","","","","","","","","","","","","group2"
"148","2022-05-09 11:01:57","2022-05-09 11:03:27","0","63.84.232.114","100","89","1","2022-05-09 11:03:28","R_3pfodItDZJ8hOko","","","","","42.616","-83.925","anonymous","EN","1","5","26","4","2","1","4","2","4","3","3","2","4","1","1","5","2","group2"
"149","2022-05-10 07:22:46","2022-05-10 07:28:39","0","104.153.43.62","100","352","1","2022-05-10 07:28:39","R_3M4o1EfsmyJOjXS","","","","","41.3625","-72.0449","anonymous","EN","1","1,2,3","33","3","3","2","4","5","4","2","2","2","2","2","1","2","2","group1"
"150","2022-05-03 07:31:09","2022-05-03 07:31:38","0","134.129.170.131","18","29","0","2022-05-10 07:31:38","R_11hBPlyjKU2an7A","","","","","","","anonymous","EN","1","5","35","","","","","","","","","","","","","","","group2"
"151","2022-04-28 12:42:48","2022-05-03 08:14:48","0","68.132.67.20","6","415920","0","2022-05-10 08:14:50","R_2XoALxppWuLfnCk","","","","","","","anonymous","EN","1","","","","","","","","","","","","","","","","",NA
"152","2022-05-03 09:19:28","2022-05-03 09:20:18","0","174.197.32.178","18","50","0","2022-05-10 09:20:41","R_10Ujf6KVh89Qd9p","","","","","","","anonymous","EN","1","1","44","","","","","","","","","","","","","","","group1"
"153","2022-05-03 10:24:01","2022-05-03 10:43:22","0","74.101.143.70","18","1161","0","2022-05-10 10:43:27","R_RbrWofTZToR2T0B","","","","","","","anonymous","EN","1","1,3","33","","","","","","","","","","","","","","","group1"
"154","2022-05-03 14:14:30","2022-05-03 14:14:49","0","164.82.30.21","18","19","0","2022-05-10 14:15:00","R_2diRErAgYVhi4Wq","","","","","","","anonymous","EN","","","","","","","","","","","","","","","","","",NA
"155","2022-05-03 18:04:00","2022-05-03 18:06:57","0","50.230.215.14","18","177","0","2022-05-10 18:06:59","R_1jANtQvXKBnJhkq","","","","","","","anonymous","EN","1","5","","","","","","","","","","","","","","","","group2"
"156","2022-05-03 21:23:18","2022-05-03 21:23:28","0","72.182.66.96","6","10","0","2022-05-10 21:23:30","R_3L7lN1oci6jwVOP","","","","","","","anonymous","EN","1","","","","","","","","","","","","","","","","",NA
"157","2022-05-11 10:08:05","2022-05-11 10:15:34","0","129.237.151.210","100","448","1","2022-05-11 10:15:34","R_2Y4yz6yMsIipbq4","","","","","38.9408","-95.276","anonymous","EN","1","5","17","4","4","4","3","4","4","2","4","2","4","1","1","5","2","group2"
"158","2022-05-04 10:47:58","2022-05-04 10:48:17","0","174.29.253.214","18","19","0","2022-05-11 10:48:19","R_3e7QVlTaFIP1bRw","","","","","","","anonymous","EN","1","5","6","","","","","","","","","","","","","","","group2"
"159","2022-05-04 12:38:12","2022-05-04 12:40:00","0","4.79.207.125","18","108","0","2022-05-11 12:40:04","R_1M4ElPKhcIoBCm0","","","","","","","anonymous","EN","1","5","47","","","","","","","","","","","","","","","group2"
"160","2022-05-04 12:45:06","2022-05-04 12:45:36","0","23.242.34.113","18","29","0","2022-05-11 12:45:38","R_3rOg8X0W8ZmM7w7","","","","","","","anonymous","EN","1","1","5","","","","","","","","","","","","","","","group1"
"161","2022-05-04 12:53:26","2022-05-04 12:56:12","0","167.102.25.160","18","166","0","2022-05-11 12:56:15","R_1LbXPPeb9wW1vc4","","","","","","","anonymous","EN","1","1,2,5","21","","","","","","","","","","","","","","","group1 & group2"
"162","2022-05-04 13:26:59","2022-05-04 13:27:20","0","98.11.111.88","18","20","0","2022-05-11 13:27:22","R_usLdYwDUM7VPPnb","","","","","","","anonymous","EN","1","5","6","","","","","","","","","","","","","","","group2"
"163","2022-05-04 16:22:55","2022-05-04 16:56:57","0","216.165.95.185","18","2041","0","2022-05-11 16:57:00","R_3KCpKQKdV6iUfTI","","","","","","","anonymous","EN","1","6","9","","","","","","","","","","","","","","","droped group"
"164","2022-05-05 04:31:58","2022-05-05 04:32:02","0","89.163.216.65","6","3","0","2022-05-12 04:36:34","R_3ptLHjQeasidPdK","","","","","","","anonymous","EN","","","","","","","","","","","","","","","","","",NA
"165","2022-05-12 05:56:55","2022-05-12 06:00:02","0","172.56.105.20","100","187","1","2022-05-12 06:00:02","R_xf1Oj3KLZkICjqp","","","","","47.6034","-122.3414","anonymous","EN","1","3,4,5","32","2","2","3","1","4","2","2","1","1","1","2","1","5","1","group1 & group2"
"166","2022-05-05 06:03:28","2022-05-05 06:04:02","0","107.77.200.108","18","33","0","2022-05-12 06:04:03","R_3PS4IpNsfWx0aB9","","","","","","","anonymous","EN","1","1,5","44","","","","","","","","","","","","","","","group1 & group2"
"167","2022-05-05 06:52:28","2022-05-05 06:55:59","0","195.32.122.171","6","211","0","2022-05-12 06:56:03","R_1GKtULV21gtgx8m","","","","","","","anonymous","EN","1","","","","","","","","","","","","","","","","",NA
"168","2022-05-12 06:51:25","2022-05-12 07:14:21","0","104.12.206.63","100","1375","1","2022-05-12 07:14:22","R_3mawEtmlxHHefHX","","","","","30.5045","-97.8209","anonymous","EN","1","1","44","3","4","3","3","4","4","3","3","4","3","3","1","5","2","group1"
"169","2022-05-05 07:55:52","2022-05-05 07:56:42","0","209.59.242.37","18","50","0","2022-05-12 07:56:47","R_1I4wxfRxl95G0vp","","","","","","","anonymous","EN","1","5","7","","","","","","","","","","","","","","","group2"
"170","2022-05-05 17:44:25","2022-05-05 17:44:38","0","73.112.101.151","18","12","0","2022-05-12 17:44:40","R_2zw3H3HlxkuY1sD","","","","","","","anonymous","EN","1","6","31","","","","","","","","","","","","","","","droped group"
"171","2022-05-12 18:57:49","2022-05-12 19:01:43","0","173.76.100.166","100","233","1","2022-05-12 19:01:43","R_1q209qwJmtivMBT","","","","","42.4378","-71.2239","anonymous","EN","1","3","22","3","3","2","3","4","2","3","2","2","3","3","2","5","2","group1"
"172","2022-05-13 05:54:27","2022-05-13 06:01:17","0","98.110.175.47","100","410","1","2022-05-13 06:01:17","R_yKYYXqKUKbcXLYR","","","","","42.2441","-71.1688","anonymous","EN","1","3,4","22","1","2","2","2","1","2","2","4","2","","3","2","5","2","group1 & group2"
"173","2022-05-13 07:12:39","2022-05-13 07:16:51","0","174.79.153.130","100","251","1","2022-05-13 07:16:51","R_1eFNT9FItVPW0id","","","","","36.8848","-76.1472","anonymous","EN","1","1,3,7","47","3","3","3","4","4","5","3","3","3","1","3","1","5","2","group1"
"174","2022-05-14 08:45:32","2022-05-14 08:47:02","0","75.81.235.163","100","90","1","2022-05-14 08:47:03","R_dmrAbsBq1VtTWdX","","","","","39.2874","-80.3419","anonymous","EN","1","3,5","49","4","3","2","2","5","2","1","1","2","2","2","2","5","2","group1 & group2"
"175","2022-05-15 13:20:40","2022-05-15 13:22:56","0","166.137.19.12","100","136","1","2022-05-15 13:22:57","R_3ERL8Ut2cGmAeEG","","","","","37.751","-97.822","anonymous","EN","1","1,5","39","2","2","1","2","4","3","2","2","2","2","2","1","6","1","group1 & group2"
"176","2022-05-09 07:17:34","2022-05-09 07:18:00","0","174.197.73.9","18","25","0","2022-05-16 07:18:02","R_SJfsfHSkU3OwXQZ","","","","","","","anonymous","EN","1","1","44","","","","","","","","","","","","","","","group1"
"177","2022-05-16 09:14:32","2022-05-16 09:15:56","0","174.208.161.91","100","84","1","2022-05-16 09:15:57","R_3oXXYurPfDiSkfe","","","","","37.778","-121.2316","anonymous","EN","1","5,7","29","2","2","2","2","5","2","1","1","2","3","2","1","5","2","group2"
"178","2022-05-16 10:02:06","2022-05-16 10:02:41","0","72.193.128.155","100","34","1","2022-05-16 10:02:41","R_UlLHkVOBTOa3jjj","","","","","36.2584","-115.1073","anonymous","EN","1","5","29","","","","","","","","","","","","","","","group2"
"179","2022-05-16 10:57:36","2022-05-16 11:13:23","0","192.158.255.10","100","946","1","2022-05-16 11:13:24","R_20UTJJ3jx3imQZ7","","","","","39.1507","-119.7459","anonymous","EN","1","5","29","2","1","2","3","4","2","1","2","3","1","2","2","5","2","group2"
"180","2022-05-09 11:34:45","2022-05-09 11:54:40","0","72.233.213.157","18","1194","0","2022-05-16 11:54:44","R_2Eyj6KnkcFkjIoP","","","","","","","anonymous","EN","1","5","48","","","","","","","","","","","","","","","group2"
"181","2022-05-16 12:14:49","2022-05-16 12:17:32","0","147.56.8.163","100","162","1","2022-05-16 12:17:32","R_3MEa4OUSMZzwhj7","","","","","46.885","-122.6755","anonymous","EN","1","1,3","48","4","2","4","4","5","4","2","4","5","2","3","1","5","2","group1"
"182","2022-05-16 12:14:21","2022-05-16 13:47:45","0","98.235.107.100","100","5603","1","2022-05-16 13:47:45","R_1Ivlwuk0B54dnlE","","","","","40.2744","-76.7062","anonymous","EN","1","2,3,5","39","3","2","3","4","5","4","2","3","2","2","2","2","5","2","group1 & group2"
"183","2022-05-16 13:58:07","2022-05-16 14:00:39","0","167.154.45.140","100","152","1","2022-05-16 14:00:40","R_3IVNYLFErGLesEY","","","","","39.1987","-119.7526","anonymous","EN","1","5","29","2","3","2","2","4","2","2","2","2","2","3","1","5","2","group2"
"184","2022-05-09 16:25:11","2022-05-09 16:25:33","0","71.162.1.33","18","22","0","2022-05-16 16:33:17","R_6lLPCbXMYtUGOlj","","","","","","","anonymous","EN","1","5","39","","","","","","","","","","","","","","","group2"
"185","2022-05-09 19:39:50","2022-05-09 19:40:50","0","144.62.235.14","18","60","0","2022-05-16 19:40:57","R_247bSTMd9Fe4MB4","","","","","","","anonymous","EN","1","1,2,3,4","33","","","","","","","","","","","","","","","group1 & group2"
"186","2022-05-17 15:07:52","2022-05-17 15:11:14","0","132.194.13.222","100","202","1","2022-05-17 15:11:15","R_3M5s3uUtBWZ9h14","","","","","39.7351","-105.0269","anonymous","EN","1","7","6","2","2","2","2","4","2","1","1","1","2","3","2","5","2","droped group"
"187","2022-05-10 07:06:46","2022-05-11 08:41:02","0","72.76.62.143","6","92056","0","2022-05-18 08:41:07","R_wYSsOLujpcUqOUV","","","","","","","anonymous","EN","1","","","","","","","","","","","","","","","","",NA
"188","2022-05-18 13:07:30","2022-05-18 13:09:33","0","73.95.142.112","100","122","1","2022-05-18 13:09:33","R_V3DG1FcljJsZL5n","","","","","39.7128","-105.0953","anonymous","EN","1","3,5","6","2","1","2","2","4","2","2","2","1","2","2","2","5","2","group1 & group2"
"189","2022-05-11 20:05:50","2022-05-11 20:06:36","0","174.212.50.237","18","46","0","2022-05-18 20:06:40","R_3JWewjFsWzf8whj","","","","","","","anonymous","EN","1","3","10","","","","","","","","","","","","","","","group1"
"190","2022-05-11 22:05:16","2022-05-11 22:05:37","0","70.112.81.180","18","20","0","2022-05-18 22:05:38","R_u86gpgBEBRZWczT","","","","","","","anonymous","EN","1","1","44","","","","","","","","","","","","","","","group1"
"191","2022-05-12 04:50:19","2022-05-12 04:50:36","0","174.242.70.76","18","16","0","2022-05-19 04:50:38","R_3L6ziPo3O5aY8zD","","","","","","","anonymous","EN","1","5","22","","","","","","","","","","","","","","","group2"
"192","2022-05-12 06:00:36","2022-05-12 06:00:40","0","172.56.105.20","6","3","0","2022-05-19 06:00:48","R_bCKaUwFWRWk17BT","","","","","","","anonymous","EN","1","","","","","","","","","","","","","","","","",NA
"193","2022-05-14 12:10:05","2022-05-14 12:10:22","0","72.193.128.155","18","16","0","2022-05-21 12:10:31","R_1pMuzqKcYpKoivU","","","","","","","anonymous","EN","1","5","29","","","","","","","","","","","","","","","group2"
"194","2022-05-16 12:35:07","2022-05-16 12:36:03","0","172.58.35.187","18","56","0","2022-05-23 12:42:10","R_xAEvQKG5EUmcmI1","","","","","","","anonymous","EN","1","3,5","29","","","","","","","","","","","","","","","group1 & group2"
"195","2022-05-24 08:08:14","2022-05-24 08:10:11","0","72.237.170.6","100","117","1","2022-05-24 08:10:11","R_WwlMOnxxvmwbeh3","","","","","29.9734","-90.0885","anonymous","EN","1","5","19","2","2","2","1","4","4","3","1","2","2","1","2","5","2","group2"
"196","2022-06-01 07:45:19","2022-06-01 07:47:06","0","131.156.140.34","100","107","1","2022-06-01 07:47:06","R_27vgddpUdE9pKSO","","","","","42.0364","-88.324","anonymous","EN","1","1,2,3,5","14","2","2","3","4","5","1","2","4","3","1","1","1","5","2","group1 & group2"
"197","2022-06-01 07:54:42","2022-06-01 07:56:08","0","64.85.153.186","100","86","1","2022-06-01 07:56:09","R_vizlHamxaie0EGl","","","","","42.6969","-84.5464","anonymous","EN","","5","23","5","4","4","4","5","4","2","2","4","4","3","1","5","2","group2"
"198","2022-06-01 08:29:35","2022-06-01 08:32:43","0","158.222.232.68","100","187","1","2022-06-01 08:32:44","R_3RfoxEjAENMufcr","","","","","40.6643","-73.9763","anonymous","EN","1","5","33","4","4","4","4","4","2","1","4","4","3","4","1","5","2","group2"
"199","2022-06-01 08:49:23","2022-06-01 08:53:35","0","24.197.119.252","100","252","1","2022-06-01 08:53:36","R_2cCORiHROIFvZ5v","","","","","34.5258","-82.7049","anonymous","EN","1","3,5","19","4","3","4","4","4","3","4","3","4","4","1","2","5","2","group1 & group2"
"200","2022-06-01 09:24:42","2022-06-01 09:30:38","0","68.132.67.20","100","355","1","2022-06-01 09:30:38","R_3HMLwkidXI5dBrL","","","","","40.8681","-73.4094","anonymous","EN","1","3,5","33","2","1","1","4","3","2","1","2","1","1","1","1","5","2","group1 & group2"
"201","2022-06-03 05:04:49","2022-06-03 05:09:57","0","73.216.186.49","100","307","1","2022-06-03 05:09:57","R_26hwdfnvr3362cc","","","","","37.4612","-77.395","anonymous","EN","1","7","47","4","3","4","4","5","4","5","4","4","4","4","2","1","2","droped group"
"202","2022-06-05 04:46:13","2022-06-05 04:48:10","0","98.11.107.228","100","116","1","2022-06-05 04:48:11","R_3RrzwKdMLNk0Ypv","","","","","43.3119","-70.5979","anonymous","EN","1","5","20","2","2","4","4","5","2","2","3","3","2","2","1","5","2","group2"
"203","2022-06-05 06:40:00","2022-06-05 06:42:59","0","73.25.33.13","100","179","1","2022-06-05 06:42:59","R_1OqxSDbWov8ZiBE","","","","","45.3378","-122.5724","anonymous","EN","","5","38","4","4","4","4","5","3","4","5","5","5","3","1","5","1","group2"
"204","2022-06-05 06:50:12","2022-06-05 08:39:29","0","107.167.231.126","100","6557","1","2022-06-05 08:39:29","R_0TUXX09iGG3kyWt","","","","","40.3437","-94.8787","anonymous","EN","1","5","26","3","3","2","4","5","5","4","4","4","3","1","1","5","2","group2"
"205","2022-06-05 10:52:56","2022-06-05 10:54:32","0","104.28.78.239","100","95","1","2022-06-05 10:54:32","R_1ruDo9IlaoWPeNG","","","","","38.894","-77.0365","anonymous","EN","1","5","47","2","2","4","4","4","2","2","3","3","4","2","1","5","2","group2"
"206","2022-06-05 11:30:48","2022-06-05 11:32:41","0","76.84.231.10","100","113","1","2022-06-05 11:32:42","R_1QxzW2OmF8bL5uc","","","","","40.9079","-97.0959","anonymous","EN","1","2,3,5","28","2","2","1","2","4","1","1","2","2","1","2","1","5","2","group1 & group2"
"207","2022-06-05 14:42:29","2022-06-05 14:44:37","0","184.180.98.159","100","128","1","2022-06-05 14:44:37","R_2uV7XZ5i11yXepT","","","","","30.3496","-91.2661","anonymous","EN","1","1,3,5","19","2","2","2","2","5","4","1","4","4","2","1","2","3","1","group1 & group2"
"208","2022-06-05 18:02:41","2022-06-05 18:03:31","0","71.179.41.65","100","49","1","2022-06-05 18:03:32","R_2TtpGpapz5EE4Bf","","","","","39.4527","-76.8152","anonymous","EN","1","5","","5","5","5","5","5","2","1","4","4","4","1","1","5","2","group2"
"209","2022-06-05 18:14:58","2022-06-05 18:16:27","0","174.193.200.91","100","89","1","2022-06-05 18:16:27","R_2uEDnAWrjM5sFUy","","","","","34.0068","-118.256","anonymous","EN","","3,5","5","2","4","2","4","4","3","5","5","5","5","1","2","5","1","group1 & group2"
"210","2022-06-05 18:21:23","2022-06-05 18:25:22","0","47.35.227.53","100","238","1","2022-06-05 18:25:22","R_2sdWfXgBYfV7PkE","","","","","34.3914","-77.6597","anonymous","EN","1","5","18","2","2","4","3","4","3","2","2","2","3","3","1","5","2","group2"
"211","2022-06-05 19:42:44","2022-06-05 19:45:33","0","174.193.198.15","100","168","1","2022-06-05 19:45:34","R_2YaYjiyiuQBOas3","","","","","34.047","-118.275","anonymous","EN","","5","5","2","1","4","2","4","2","2","3","3","4","1","1","7","1","group2"
"212","2022-06-05 23:21:36","2022-06-05 23:23:44","0","71.168.186.92","100","128","1","2022-06-05 23:23:45","R_pxGusWPJGcAb1W9","","","","","40.2152","-74.7471","anonymous","EN","1","3,5","31","4","2","4","4","5","3","2","4","4","2","1","2","5","2","group1 & group2"
"213","2022-06-06 00:04:56","2022-06-06 00:07:30","0","73.239.43.94","100","154","1","2022-06-06 00:07:31","R_3eajo72I0SdHXHW","","","","","47.6859","-122.2994","anonymous","EN","1","2,3,5","48","1","1","2","2","5","1","1","3","3","2","1","2","5","2","group1 & group2"
"214","2022-06-01 10:42:13","2022-06-01 10:42:47","0","98.218.22.27","18","33","0","2022-06-08 10:42:56","R_Q3WmSWdnJ1BtiWB","","","","","","","anonymous","EN","1","5","21","","","","","","","","","","","","","","","group2"
"215","2022-06-01 12:00:55","2022-06-01 14:43:52","0","167.154.185.45","18","9776","0","2022-06-08 14:43:55","R_2qvBKSO87OsfaE3","","","","","","","anonymous","EN","1","","","","","","","","","","","","","","","","",NA
"216","2022-06-01 18:27:11","2022-06-01 18:27:14","0","89.163.216.65","6","2","0","2022-06-08 18:27:18","R_1CkH6c0ZDkWUq2e","","","","","","","anonymous","EN","","","","","","","","","","","","","","","","","",NA
"217","2022-06-05 06:07:02","2022-06-05 06:09:24","0","174.196.135.123","18","141","0","2022-06-12 06:09:25","R_qOqk2R9AwzxvVZv","","","","","","","anonymous","EN","1","5","47","","","","","","","","","","","","","","","group2"
"218","2022-06-05 06:49:18","2022-06-05 06:49:21","0","134.41.185.69","6","3","0","2022-06-12 06:49:30","R_3kpqsbk4vhNoVVh","","","","","","","anonymous","EN","1","","","","","","","","","","","","","","","","",NA
"219","2022-06-05 07:50:09","2022-06-05 07:50:38","0","72.198.26.246","18","28","0","2022-06-12 07:50:41","R_1i3DXbDg5EMcLmd","","","","","","","anonymous","EN","1","5","37","","","","","","","","","","","","","","","group2"
"220","2022-06-05 08:08:57","2022-06-05 08:09:37","0","76.116.90.61","18","40","0","2022-06-12 08:09:43","R_23fc61dGIJ90Vbs","","","","","","","anonymous","EN","1","5","31","","","","","","","","","","","","","","","group2"
"221","2022-06-05 09:39:47","2022-06-05 09:39:54","0","82.132.239.241","6","7","0","2022-06-12 09:39:57","R_1eDn2WQTjVcBy6V","","","","","","","anonymous","EN","1","","","","","","","","","","","","","","","","",NA
"222","2022-06-05 10:15:33","2022-06-05 10:15:55","0","86.5.145.102","6","21","0","2022-06-12 10:15:58","R_2aJ3y0gniDCk0DM","","","","","","","anonymous","EN","1","","","","","","","","","","","","","","","","",NA
"223","2022-06-05 19:54:47","2022-06-05 19:55:09","0","98.42.3.98","18","21","0","2022-06-12 19:55:11","R_2tsp0ACyNlYkmpO","","","","","","","anonymous","EN","1","3,5","5","","","","","","","","","","","","","","","group1 & group2"
"224","2022-06-06 00:21:21","2022-06-06 00:21:47","0","89.187.170.168","18","26","0","2022-06-13 00:21:53","R_2cpjw7qe38C7XQd","","","","","","","anonymous","EN","1","5","33","","","","","","","","","","","","","","","group2"
"225","2022-06-15 11:13:14","2022-06-15 11:18:29","0","128.173.139.26","100","314","1","2022-06-15 11:18:29","R_1jiG7ndvw21Xasq","","","","","37.2532","-80.4347","anonymous","EN","1","","47","","","","","","","","","","","","","","",NA
"226","2022-06-16 15:00:27","2022-06-16 15:11:19","0","75.148.125.205","100","652","1","2022-06-16 15:11:19","R_3ESV34AcUc1dDk7","","","","","39.6463","-105.0092","anonymous","EN","1","1,2,3,5","6","4","2","2","2","4","2","2","4","2","2","3","1","5","2","group1 & group2"
"227","2022-06-24 10:35:31","2022-06-24 10:38:58","0","170.63.67.26","100","207","1","2022-06-24 10:38:58","R_PYYaPWBwFso7cdz","","","","","42.3252","-71.095","anonymous","EN","1","5","22","4","3","3","4","5","3","2","3","3","4","3","1","5","2","group2"
"228","2022-06-18 17:00:57","2022-06-18 17:01:33","0","174.206.106.149","18","36","0","2022-06-25 17:01:39","R_1QLOmjWYAulw8xT","","","","","","","anonymous","EN","1","1,3","47","","","","","","","","","","","","","","","group1"
"229","2022-06-22 13:31:16","2022-06-23 08:43:15","0","136.226.50.248","18","69118","0","2022-06-30 08:43:23","R_3GeV0JAes0qGLEF","","","","","","","anonymous","EN","1","5","39","","","","","","","","","","","","","","","group2"
"230","2022-06-23 22:14:56","2022-06-23 22:16:05","0","143.111.84.170","18","69","0","2022-06-30 22:16:07","R_1FzdWXHFWAJR4Cq","","","","","","","anonymous","EN","1","5","44","","","","","","","","","","","","","","","group2"
"231","2022-07-06 05:17:17","2022-07-06 05:19:33","0","173.48.81.159","100","135","1","2022-07-06 05:19:33","R_1ir0XMavKgvQZib","","","","","42.2832","-71.4296","anonymous","EN","1","1,2,3,5","22","2","2","4","2","4","1","1","1","2","2","2","2","5","2","group1 & group2"
"232","2022-07-06 08:43:59","2022-07-06 08:50:40","0","216.206.108.171","100","400","1","2022-07-06 08:50:40","R_3fqtT9x7SbVXNLR","","","","","39.3809","-119.6859","anonymous","EN","","1,2,3","29","1","2","1","1","5","1","1","3","2","2","2","2","5","2","group1"
"233","2022-07-06 10:37:54","2022-07-06 10:42:02","0","131.109.129.139","100","247","1","2022-07-06 10:42:02","R_2t9AF41wnRWqVzP","","","","","41.6646","-70.3452","anonymous","EN","1","5","22","2","4","4","4","4","2","3","2","2","1","3","1","5","2","group2"
"234","2022-07-06 10:48:28","2022-07-06 10:51:43","0","97.115.104.27","100","194","1","2022-07-06 10:51:43","R_1kLEUfJ7RzoQl1Q","","","","","45.5777","-122.6795","anonymous","EN","1","1,5","38","2","2","3","4","5","1","2","2","3","1","1","1","5","2","group1 & group2"
"235","2022-07-06 12:26:10","2022-07-06 12:26:39","0","216.81.81.83","18","29","0","2022-07-08 12:59:49","R_2vdobGwUKWUMPVr","","","","","","","anonymous","EN","1","5","9","","","","","","","","","","","","","","","group2"
